https://hips.hearstapps.com/hmg-prod.s3.amazonaws.com/images/aloe-vera-plant-inside-1522875135.jpg?crop=1xw:1xh;center,top&resize=480:*
http://cdn.shopify.com/s/files/1/0150/6262/products/gallery_the-sill_aloe-vera-plant_2_4_1b94b016-7b2b-4f84-b249-9c06d680ccdc_1024x1024.jpg?v=1537548566
https://www.joyusgarden.com/wp-content/uploads/2016/03/P1290026_new.jpg
https://www.gardeningknowhow.com/wp-content/uploads/2010/12/aloe-400x300.jpg
https://www.ikea.com/us/en/images/products/aloe-vera-potted-plant__0653978_PE708207_S4.JPG
https://www.joyusgarden.com/wp-content/uploads/2016/03/P1290018b_new.jpg
https://images-na.ssl-images-amazon.com/images/I/81U13hNQMKL._SX466_.jpg
https://bestplants.com/wp-content/uploads/aloe-vera-1200-630-FB-08312018-min.jpg
https://images-na.ssl-images-amazon.com/images/I/61In86UTGDL._SX425_.jpg
https://images.homedepot-static.com/productImages/a3406ed8-0d2a-427d-b7ea-80cdc5502454/svn/costa-farms-house-plants-90408-64_1000.jpg
https://opimedia.azureedge.net/-/media/Images/MEN/Editorial/Blogs/Natural-Health/7-Aloe-Vera-Plant-Uses/aloe-vera-use-jpg.jpg?h=367&w=550&la=en&hash=FDB0B6D23E3E5756C98909AD4C3D0BA6597D8E92
https://www.wikihow.com/images/thumb/4/48/Plant-Aloe-Vera-Step-15-Version-2.jpg/aid1033397-v4-728px-Plant-Aloe-Vera-Step-15-Version-2.jpg
https://www.gardeningknowhow.com/wp-content/uploads/2014/03/aloe-plant.jpg
https://images.zgallerie.com/is/image/ZGallerie/hero/faux-aloe-plant-207032941a.jpg
https://cf.ltkcdn.net/garden/images/std/217415-675x450-growingaloe.jpg
https://getbusygardening.com/wp-content/uploads/2017/02/growing-aloe-vera-plant-outdoors.jpg
https://www.joyusgarden.com/wp-content/uploads/2016/03/P1290017_new.jpg
https://getbusygardening.com/wp-content/uploads/2017/02/aloe-vera-plant-care-nonbranded-Pin.jpg
https://www.gardeningknowhow.com/wp-content/uploads/2010/12/image-e1405541898924-768x1024-400x533.jpg
https://www.almanac.com/sites/default/files/styles/primary_image_in_article/public/image_nodes/aloe-vera-houseplant.jpg?itok=rMj24s1Z
https://www.guide-to-houseplants.com/images/aloe-vera-plant.jpg
http://www.howtogrowstuff.com/wp-content/uploads/Aloe-Large.jpg
https://hips.hearstapps.com/hmg-prod.s3.amazonaws.com/images/aloe-vera-plant-1522874831.jpg
https://www.globalhealingcenter.com/natural-health/wp-content/uploads/2015/12/aloe-vera-plant-2.jpg
https://mk0gardengoodsd3tst9.kinstacdn.com/wp-content/uploads/2016/09/Aloe-Vera-1-646x400.jpg
https://balconygardenweb-lhnfx0beomqvnhspx.netdna-ssl.com/wp-content/uploads/2015/04/How-To-Care-For-An-Aloe-Plant-2.jpg
https://www.almanac.com/sites/default/files/users/Almanac%20Staff/aloe-vera-plant1_full_width.jpg
https://www.gardens4you.co.uk/media/catalog/product/cache/1/image/500x/9df78eab33525d08d6e5fb8d27136e95/F/D/FD19632WH_19.jpg
https://balconygardenweb-lhnfx0beomqvnhspx.netdna-ssl.com/wp-content/uploads/2015/04/How-To-Care-For-An-Aloe-Plant.jpg
https://i.ytimg.com/vi/Ofk-yl18_AY/hqdefault.jpg
https://images-na.ssl-images-amazon.com/images/I/71%2Bwvk8Jw%2BL._SX425_.jpg
https://www.joyusgarden.com/wp-content/uploads/2017/09/aloe-vera-in-a-red-pot.jpg
http://blog-20c0.kxcdn.com/wp-content/uploads/2016/06/aloe-vera-plant.jpg.838x0_q80.jpg
https://i5.walmartimages.com/asr/d9733cd8-9df3-463d-95d6-fc1ff625f497_1.c75e68a3a13538b85db67c1b0597952a.jpeg?odnHeight=450&odnWidth=450&odnBg=FFFFFF
https://media.gettyimages.com/photos/aloe-vera-plant-picture-id460715713?s=612x612
https://5.imimg.com/data5/BA/RD/MY-10819470/aloe-vera-plant-500x500.jpg
https://i.pinimg.com/originals/63/a9/47/63a947bbdfa06fabac7096cf2237260c.jpg
https://plantedwell.com/wp-content/uploads/2016/01/care-of-aloe-vera-houseplant.jpg
http://cdn.shopify.com/s/files/1/0150/6262/products/the-sill_aloe-plant-hedgehog_terracotta_4_1024x1024.jpg?v=1542407774
https://cdn3.volusion.com/wkav7.pckj3/v/vspfiles/photos/HER-ALV01-3.jpg?1524233276
https://media.gettyimages.com/photos/aloe-vera-plant-picture-id182784203?s=612x612
https://www.wikihow.com/images/thumb/0/06/Plant-Aloe-Vera-Step-23.jpg/aid1033397-v4-1200px-Plant-Aloe-Vera-Step-23.jpg
http://plants.oaklandnursery.com/Content/Images/Photos/G151-03.jpg
https://dingo.care2.com/pictures/greenliving/1424/1423982.large.jpg
https://cdn.shopify.com/s/files/1/0059/8835/2052/products/Aloe-Vera-450-D2_1024x1024.jpg?v=1549696323
https://s3-us-west-1.amazonaws.com/contentlab.studiod/getty/328f362bef014bfe9c3012152a566587.jpg
https://www.miraclegro.com/sites/g/files/oydgjc111/files/styles/scotts_asset_image_720_440/public/asset_images/main_07137_RL_A-2002_718x404.jpg?itok=QWxORjN6
https://hips.hearstapps.com/hmg-prod.s3.amazonaws.com/images/981/growaloevera-1000-1518566254.jpg
https://www.joyusgarden.com/wp-content/uploads/2017/09/aloe-vera-babies-planted-in-a-small-pot.jpg
https://cdn11.bigcommerce.com/s-oqm1pc/images/stencil/1280x1280/products/1639/4782/aloe_aristata_october__63344.1509116903.jpg?c=2
https://i.ebayimg.com/images/g/CGUAAOSwj1haa0jK/s-l640.jpg
https://www.ourhouseplants.com/imgs-gallery/aloeL3.jpg
https://img-aws.ehowcdn.com/350x235p/photos.demandstudios.com/getty/article/171/252/87460731_XS.jpg
https://images-na.ssl-images-amazon.com/images/I/71hkzpRQCmL._SX466_.jpg
https://www.miraclegro.com/sites/g/files/oydgjc111/files/styles/scotts_asset_image_720_440/public/asset_images/harvest_07137_RL_A-1871_718x404.jpg?itok=ojbGfNbz
https://www.houseplantsexpert.com/assets/images/aloe-vera-plant-1.jpg
https://i.ytimg.com/vi/zMRB8hCd9A4/maxresdefault.jpg
http://www.costafarms.com/CostaFarms/Aloe-Aristata-costa-farms-succulent1.jpg?height=257&width=256&scale=both&crop=auto
https://www.wikihow.com/images/thumb/3/31/Plant-Aloe-Vera-Step-14-Version-2.jpg/aid1033397-v4-728px-Plant-Aloe-Vera-Step-14-Version-2.jpg
https://www.drought-smart-plants.com/images/is-it-an-aloe-vera-21632915.jpg
http://blog.biobizz.com/wp-content/uploads/2018/02/Aloe-Vera-Cover-Photo.png
https://www.ourhouseplants.com/imgs-content/Aloe-Vera-in-window.jpg
https://cdn.shopify.com/s/files/1/1111/4656/articles/20181001_100643_600x800_fa47052b-6073-4892-bc3e-00a4911ad0dc_2048x.progressive.jpg?v=1543814075
https://desertsucculents.com/wp-content/uploads/2017/03/Aloe-vera-plant.png
https://www.lovethegarden.com/sites/default/files/Aloe_vera_plant.JPG
https://i.etsystatic.com/7806468/r/il/f5834c/1577196324/il_570xN.1577196324_span.jpg
https://media.allure.com/photos/5a99827686d1b76c3b7f9cdd/16:9/w_1280,c_limit/aloe-vera-skin-care-products.jpg
https://i.stack.imgur.com/dSu5e.jpg
https://www.indoor-plants.co.uk/wp-content/uploads/aloe-vera.jpg
https://www.besthealthmag.ca/wp-content/uploads/sites/16/2017/12/Aloe-Vera.jpg
https://images-na.ssl-images-amazon.com/images/I/413N04YYcZL.jpg
https://i.ytimg.com/vi/alhBz4KqBzQ/maxresdefault.jpg
https://cdn.shopify.com/s/files/1/0150/6262/products/gallery_the-sill_aloe-vera-plant_3_4_9eaf83e8-8cd7-44bd-91f9-6c4fb2360271_1024x.progressive.jpg?v=1537548566
https://www.planetorganic.com/images/products/large/27639.jpg
https://www.succulentsandsunshine.com/wp-content/uploads/2019/02/Aloe-nobilis-Gold-Tooth-Aloe-succulent-care-and-propagation-information-card.jpg
https://upload.wikimedia.org/wikipedia/commons/thumb/4/4b/Aloe_vera_flower_inset.png/1200px-Aloe_vera_flower_inset.png
https://www.niehs.nih.gov/health/assets/images/aloe_leaf.jpg
https://www.mh.co.za/wp-content/uploads/2018/10/7-Reasons-Why-You-Should-Consider-Getting-An-Aloe-Vera-Plant-620x400.jpg
https://shop.cacti.com/wp-content/uploads/2013/10/Aloe_striata_1g.jpg
https://i0.wp.com/www.healthline.com/hlcmsresource/images/topic_centers/Food-Nutrition/642x361_7_Amazing_Uses_for_Aloe_Vera.jpg?w=756
https://images.mentalfloss.com/sites/default/files/styles/mf_image_16x9/public/istock-953698740.jpg?itok=NXriLTox&resize=1100x1100
https://www.wikihow.com/images/thumb/5/58/Care-for-Your-Aloe-Vera-Plant-Step-4-Version-2.jpg/aid1450988-v4-728px-Care-for-Your-Aloe-Vera-Plant-Step-4-Version-2.jpg
https://imgix.bustle.com/uploads/image/2018/6/22/37ace203-99ce-4e62-b01e-651eeb62ba13-fotolia_169804424_subscription_monthly_m.jpg
https://imagesvc.timeincapp.com/v3/mm/image?url=https%3A%2F%2Fstatic.onecms.io%2Fwp-content%2Fuploads%2Fsites%2F37%2F2016%2F02%2F15213513%2FMPC111607.jpg&w=400&c=sc&poi=face&q=85
https://plantedwell.com/wp-content/uploads/2016/01/how-to-look-after-aloe-vera-plant.jpg
https://i.pinimg.com/originals/1f/44/be/1f44be6f5718b9f44c89dae379ad2ef1.png
https://cf.ltkcdn.net/herbs/images/std/118076-417x276-Aloeveraplant.jpg
https://img-aws.ehowcdn.com/350x235p/s3-us-west-1.amazonaws.com/contentlab.studiod/getty/84ad8991d68c4c7787236158a6b27276.jpg
https://static1.squarespace.com/static/544591e6e4b0135285aeb5b6/t/5b1eba6688251bed7ea738f8/1528740458966/Aloe+vs+agave.jpg?format=750w
http://gardeningsolutions.ifas.ufl.edu/images/plants/foliage/aloe.jpg
https://cdn.shopify.com/s/files/1/2203/9263/products/2913b9f1efeab6cc3d08ce42593c998c.jpg?v=1544825424
https://www.joyusgarden.com/wp-content/uploads/2017/09/Aloe-vera-pups-with-roots-are-lined-on-on-a-piece-of-white-paper-on-a-work-table-There-is-a-garage-door-in-the-background-some-of-the-Aloe-vera-pups-are-big-some-are-small-collage-for-header.jpg
https://www.succulentsandsunshine.com/wp-content/uploads/2019/02/Aloe-nobilis-Gold-Tooth-Aloe-succulent-care-and-propagation-information.jpg
https://www.jardiner-malin.fr/wp-content/uploads/2018/06/aloe-vera.jpg
https://hips.hearstapps.com/hmg-prod.s3.amazonaws.com/images/gettyimages-647381501-1545250111.jpg?resize=480:*
http://www.thegardenhelper.com/psd/aloe_vera.jpg
https://www.almanac.com/sites/default/files/users/Almanac%20Staff/aloe-vera-cgdeaw_ss_full_width.jpg
https://www.stayathomemum.com.au/cache/860x380-0/wp-content/uploads/2015/12/wikihow1-e1449629575242.jpg
https://www.irishtimes.com/polopoly_fs/1.2503838.1453302182!/image/image.jpg_gen/derivatives/box_620_330/image.jpg
https://res.cloudinary.com/bloomnation/c_pad,d_vendor:global:catalog:product:image.png,f_auto,fl_preserve_transparency,q_auto/v1501729346/vendor/364/catalog/product/2/0/20170802073908_file_59822a5c24c99.jpg
https://getbusygardening.com/wp-content/uploads/2017/02/aloe-vera-plant-care-Twitter.jpg
https://nurserylive.com/images/stories/virtuemart/product/nurserylive-aloe-vera.jpg
https://cdn11.bigcommerce.com/s-oqm1pc/images/stencil/1280x1280/products/2359/4790/aloe-white-beauty__12116.1509380451.jpg?c=2
https://files.nccih.nih.gov/s3fs-public/herbs/aloe_vera.jpg?v10TygCete5it7CYYF0krKctOc27IdMA
https://res.cloudinary.com/patch-gardens/image/upload/c_fill,f_auto,h_840,q_auto:good,w_840/v1539352004/products/aloe-vera-a5c3e5.jpg
https://www.villagenurseries.com/wp-content/uploads/2015/08/Aloe-ferox.jpg
https://www.todayshomeowner.com/images/article/how-to-divide-aloe-vera-1.jpg
https://i.stack.imgur.com/BNbOR.jpg
https://2ecffd01e1ab3e9383f0-07db7b9624bbdf022e3b5395236d5cf8.ssl.cf4.rackcdn.com/Product-800x800/19c04384-1ee1-4966-a8b8-5b8d4796b1c6.jpg
https://www.wikihow.com/images/thumb/5/59/Plant-Aloe-Vera-Step-6-Version-3.jpg/aid1033397-v4-728px-Plant-Aloe-Vera-Step-6-Version-3.jpg
https://i.ytimg.com/vi/opjHtXibais/maxresdefault.jpg
https://www.urbanorganicyield.com/wp-content/uploads/2018/10/20-Diffrent-Types-Of-Aloe-Plants.jpg
https://verdeaurora.com/wp-content/uploads/2018/08/FOTO-BLOG.png
https://mindbodygreen-res.cloudinary.com/image/upload/w_767,q_auto:eco,f_auto,fl_lossy/org/stocksy_txp7a284648qr5100_medium_697665_2.jpg
https://cancertrust.files.wordpress.com/2012/06/aloe-vera-picture-500px1.jpg
http://www.costafarms.com/CostaFarms/Aloe--2-Houseplant-Costa-Farms1.jpg?height=411&width=856&scale=both
https://cdn.shopify.com/s/files/1/0150/6262/products/Aloe-Vera_Grant_Sage-4_1500x.progressive.jpg?v=1550136413
https://www.ikea.com/es/en/images/products/aloe-vera-potted-plant__0548608_pe657287_s5.jpg
https://hips.hearstapps.com/hmg-prod.s3.amazonaws.com/images/maintaining-aloe-vera-plant-1522875136.jpg?crop=1xw:1xh;center,top&resize=480:*
https://www.gardeningknowhow.com/wp-content/uploads/2016/05/aloe-flower-400x598.jpg
https://images.unsplash.com/photo-1513360994626-fc3639d1cc82?ixlib=rb-1.2.1&ixid=eyJhcHBfaWQiOjEyMDd9&w=1000&q=80
https://img-aws.ehowcdn.com/877x500p/photos.demandstudios.com/121/206/fotolia_604143_XS.jpg
https://rukminim1.flixcart.com/image/704/704/j5jx1u80/plant-seed/s/f/h/10-imported-red-aloe-vera-potted-plant-priyathams-original-imaevwgzejekdfvf.jpeg?q=70
https://www.anniesannuals.com/signs/a/images/aloe_arborescens_form.jpg
https://s3.amazonaws.com/thegrowers-exchange/plants/aloe-vera-plant.jpg
https://upload.wikimedia.org/wikipedia/commons/thumb/2/20/Aloe%2C_Juliana_Anicia_Codex.jpg/220px-Aloe%2C_Juliana_Anicia_Codex.jpg
https://cdn.shopify.com/s/files/1/2528/3612/products/DSC_0121_copy_512x824.png?v=1545342261
http://hudabeauty.com/wp-content/uploads/2017/12/Screen-Shot-2018-08-14-at-5.56.40-PM-e1534255030311.png
https://cdn.pixabay.com/photo/2018/10/11/13/35/aloe-vera-3739793_960_720.jpg
http://joybileefarm.com/wp-content/uploads/2016/02/How-to-Grow-and-Use-Aloe-Vera.jpg
https://makeinbusiness.com/wp-content/uploads/2018/01/aloe-vera-plants.jpg
https://www.thejoyofplants.co.uk/sites/default/files/styles/portrait_medium/public/field/image/aloe_vera_mooiwatplantendoen_7.jpg?itok=J69nm8EJ
https://images.agoramedia.com/everydayhealth/gcms/all-about-aloe-vera-722x406.jpg
https://www.greenandvibrant.com/sites/default/files/field/image/Aloe-vera-in-pot.jpg
http://cpi.studiod.com/getty/04fb93aea6136c2f86caa001cf666cc2.jpg
https://img-aws.ehowcdn.com/350x235p/photos.demandstudios.com/getty/article/184/125/89691918.jpg
https://cdn.shopify.com/s/files/1/1111/4656/files/20181001_100824_600x800_large.jpg?v=1538416373
https://www.bunnings.com.au/-/media/articles/garden/planting%20and%20growing/how%20to%20plant%20and%20grow%20aloe%20vera/aloe%20vera_header.jpg
http://www.levypreserve.org/_images/360/aloe_vera_whole_plant_and_inflorescence.jpg
https://i1.wp.com/www.gardeningchannel.com/wp-content/uploads/2011/02/benefits-of-aloe-vera.jpg?fit=1200%2C628&ssl=1&resize=350%2C200
http://www.aloeplant.info/wp-content/uploads/2011/03/DSC_0021.jpg
https://www.rd.com/wp-content/uploads/2014/07/aloe.jpg
https://patioplants.com/wp-content/uploads/2016/03/ALE-ARB-8-3.jpg
https://7gigzxopz0uiqxo1-zippykid.netdna-ssl.com/wp-content/uploads/2015/05/aloevera1.jpg
https://lovelygreens.com/wp-content/uploads/2016/07/dividing-aloe-444x640.jpg
https://cdn.shopify.com/s/files/1/0648/1955/files/aloe_plant.jpg
https://www.gardeningknowhow.com/wp-content/uploads/2018/04/aloe-400x299.jpg
https://getbusygardening.com/wp-content/uploads/2017/02/gently-clean-aloe-plant-leaves-with-damp-rag.jpg
https://strictlymedicinalseeds.com/wp-content/uploads/2017/07/aloe-cape-ferox-seed-lant.bmp
http://tipsplants.com/sites/default/files/aloe3_0.jpg
https://www.ikea.com/gb/en/images/products/aloe-vera-potted-plant-aloe__0710584_pe727654_s5.jpg
https://helloglow.co/wp-content/uploads/2018/06/Harvesting-Aloe-Vera-4.jpg
https://northernhomestead.com/wp-content/uploads/2016/03/Aloe-Vera-2.jpg
https://www.wikihow.com/images/thumb/4/43/Plant-Aloe-Vera-Step-11-Version-2.jpg/aid1033397-v4-728px-Plant-Aloe-Vera-Step-11-Version-2.jpg
https://www.sproutabl.com/wp-content/uploads/2017/03/image00-89.jpg
https://www.gardeningchannel.com/wp-content/uploads/2014/03/Aloe-Vera-500x332.jpg
https://www.greenandvibrant.com/sites/default/files/inline-images/Climbing-Aloe.jpg
https://cf.ltkcdn.net/garden/images/std/217416-638x450-aloeurn.jpg
https://cdn.shopify.com/s/files/1/0150/6262/products/gallery_the-sill_aloe-vera-plant_hand-006_1024x.progressive.jpg?v=1538040527
https://p7011128.vo.llnwd.net/e1/wp-content/uploads/plants/originals/10598.jpg
https://www.kew.org/sites/default/files/styles/hero_desktop/public/Aloe-types---cover-image.jpg?itok=fc4FX8Jy&timestamp=1531999611
https://3.imimg.com/data3/VF/DA/MY-1229438/aloevera-plants-500x500.jpg
http://tipsplants.com/sites/default/files/aloe2_0.jpg
https://i.ytimg.com/vi/Gmcqnuxr4wc/maxresdefault.jpg
https://lovelygreens.com/wp-content/uploads/2016/07/baby-aloe-vera-plants-640x640.jpg
https://northernhomestead.com/wp-content/uploads/2016/03/Aloe-step-by-step.jpg
https://banner2.kisspng.com/20180206/suw/kisspng-aloe-vera-cosmetics-australia-plant-aloe-5a7996ef0d85e1.7231562415179179350554.jpg
https://plantedwell.com/wp-content/uploads/2016/01/aloe-vera-plant-care-outdoors.jpg
https://img-aws.ehowcdn.com/350x235p/s3-us-west-1.amazonaws.com/contentlab.studiod/getty/99843a0581064d5c85f86c1a220f7c8f.jpg
https://www.thespruce.com/thmb/lWzh_a9vZSI2bWbP-iCO2dpNRUY=/6000x4000/filters:no_upscale():max_bytes(150000):strip_icc()/ALoe-GettyImages-649121467-59359ca63df78c08ab970c16.jpg
https://media.gettyimages.com/photos/aloe-vera-plant-isolated-on-white-picture-id652374544?s=612x612
https://www.houseplantsexpert.com/images/aloe_vera_with_offsets.jpg
https://qph.fs.quoracdn.net/main-qimg-7f7b08375fccfe7d234141f37c50ac5e
https://cdn2.stylecraze.com/wp-content/uploads/2014/09/2044-Reasons-To-Use-Aloe-Vera-For-Treating-Diabetes-is.jpg
https://i0.wp.com/www.healthline.com/hlcmsresource/images/topic_centers/DigestiveHealth/1296x728_aloe_vera_juice_and_acid_reflux.jpg?w=1155
https://sciencebasedmedicine.org/wp-content/uploads/2018/07/Aloe_vera_with_shoots_2.jpg
https://media.mnn.com/assets/images/2015/09/Aloe_Vera_(4700054020).jpg.1000x0_q80_crop-smart.jpg
https://www.joyusgarden.com/wp-content/uploads/2018/11/lead-photo.png
https://kumbulanursery.co.za/sites/kumbulanursery/files/styles/plant-large/public/plant_pictures/aloe_ferox_kwandwe.jpg?itok=qO9pV9Rn
https://www.homestratosphere.com/wp-content/uploads/2018/06/mountain-aloe-061318-min.jpg
https://www.americanschoolofnaturalhealth.com/wp-content/uploads/2017/05/aloe-vera-usage.jpg
https://cdn.shopify.com/s/files/1/2528/3612/products/DSC_0125_copy_512x572.png?v=1545342248
https://www.todayshomeowner.com/images/article/how-to-divide-aloe-vera-2.jpg
https://www.miraclegro.com/sites/g/files/oydgjc111/files/styles/scotts_asset_image_720_440/public/asset_images/feed_07137_RL_A-1247_718x404.jpg?itok=AJKoVAh7
https://i.stack.imgur.com/62K2q.jpg
https://s3.amazonaws.com/plantvillage-production-new/images/pics/000/003/272/large/8478002897_14ced1e379_z.jpg?1410271314
https://images.wagwalkingweb.com/media/articles/dog/aloe-vera-poisoning/aloe-vera-poisoning.jpg
https://d6p0gevo8s9lm.cloudfront.net/media/catalog/product/cache/5/image/9df78eab33525d08d6e5fb8d27136e95/a/l/aloe-vera-2pk-1000x600.jpg
https://media.buzzle.com/media/images-en/gallery/botany/plants/1200-188049663-repotting-aloe-vera.jpg
https://cdn.palmcentre.co.uk/497-large_default/aloe-vera.jpg
https://www.succulentsandsunshine.com/wp-content/uploads/2018/07/Aloe-juvenna-Tiger-Tooth-Alone-care-and-propagation-information.jpg
http://cdn.shopify.com/s/files/1/0276/4233/products/Aloe_Vera_Trans_cream_grande.jpg?v=1528206795
https://www.gardens4you.co.uk/media/catalog/product/cache/1/thumbnail/235x/9df78eab33525d08d6e5fb8d27136e95/F/D/FD19633WH_31.jpg
https://img.freepik.com/free-vector/abstract-background-bokeh-with-aloe-vera_23-2147639106.jpg?size=338&ext=jpg
http://aloeveraplantcare.org/wp-content/uploads/2013/09/water-aloe-vera.jpg
http://plantsrescue.com/wp-content/uploads/2013/09/Aloe-arborescens.jpg
https://www.trbimg.com/img-5834939a/turbine/ct-no-aloe-vera-lotion-wal-mart-cvs-target-20161122
https://i.pinimg.com/originals/6a/73/fa/6a73fafc28a4f33a89d7a9ac7a159dfe.jpg
https://i.ytimg.com/vi/n4T6qvS8ZnM/maxresdefault.jpg
https://www.wikihow.com/images/thumb/8/86/User-Completed-Image-Plant-Aloe-Vera-2018.05.28-16.49.53.0.jpg/670px-User-Completed-Image-Plant-Aloe-Vera-2018.05.28-16.49.53.0.jpg
https://thumbs.dreamstime.com/z/flowers-aloe-vera-plant-close-up-flower-stalk-57550617.jpg
https://lovelygreens.com/wp-content/uploads/2016/07/aloe-vera-plants-640x444.jpg
https://cdn.shopify.com/s/files/1/0648/1955/files/100_percent_pure_aloe_bright_eyes_mask.jpg
https://helloglow.co/wp-content/uploads/2018/06/Harvesting-Aloe-Vera-1.jpg
https://p7011128.vo.llnwd.net/e1/wp-content/uploads/plants/originals/5998.jpg
https://hgcdn82.azureedge.net/qs_h=600&crop=1&w=2000&ver=00000000T000000&hcsh=0AC1CD5E1D3B10D99102D7CC0CDA65FAACEA9994/_$$_/media/cleanup%20and%20move%20these%20files%20to%20new%20locations/contentarticlesremoteimages/2017/01/31/08/16/46630_en-au_cb2.ashx
https://imgix.bustle.com/uploads/image/2017/8/25/c9612a69-f227-411b-9c15-5ccecb0452f4-aloe-vera-2623317_1920.jpg?w=960&h=540&fit=crop&crop=faces&auto=format&q=70
https://getbusygardening.com/wp-content/uploads/2011/12/super-healthy-aloe-vera-succulent.jpg
https://diy.sndimg.com/content/dam/images/diy/fullset/2010/5/26/0/CI-aloe_Marco-Proven-Winners_s3x4.jpg.rend.hgtvcom.1280.1707.suffix/1420782242733.jpeg
https://ojfyip2d7m-flywheel.netdna-ssl.com/wp-content/uploads/2018/07/Aloe-Plant-3.jpg
http://www.chhajedgarden.com/media/catalog/product/cache/1/image/9df78eab33525d08d6e5fb8d27136e95/i/m/img_4266.jpg
http://www.bbc.co.uk/staticarchive/2b7286fb8d892f80ef01137a014342a4db4899f8.jpg
https://www.miraclegro.com/sites/g/files/oydgjc111/files/styles/scotts_asset_image_720_440/public/asset_images/water_07137_RL_A-1226_718x404.jpg?itok=U3Gq9lA8
https://media.istockphoto.com/photos/isolated-fresh-aloe-vera-plant-in-a-flowerpot-picture-id804524148?k=6&m=804524148&s=612x612&w=0&h=AZ8w1IoB_0ng-YvjQSrWuPj3Erdjor0MIYeC5UVYUBs=
https://hgtvhome.sndimg.com/content/dam/images/grdn/fullset/2014/10/22/0/CI_ci-proven-winners-aloe-aloe-dorotheae-sunset-s3x4.jpg.rend.hgtvcom.616.822.suffix/1452843992835.jpeg
https://www.ftd.com/blog/content/uploads/2017/09/succulents-aloe-vera.jpg
https://media.gettyimages.com/photos/closeup-of-barbados-aloe-plant-growing-in-a-pot-picture-id89179864?s=612x612
https://cdn.apartmenttherapy.info/image/fetch/f_auto,q_auto,w_600,h_750,c_fit,fl_strip_profile/https://s3.amazonaws.com/pixtruder/original_images/629266292cd5bfcef27b866021ce264f76ee0333
https://png.pngtree.com/element_origin_min_pic/16/10/20/215808c37fbff42.jpg
https://www.almanac.com/sites/default/files/users/AlmanacStaffArchive/thinkstock_aloe_half_width.jpg
https://worldofsucculents.com/wp-content/uploads/2013/10/Aloe-aristata.jpg
https://davesgarden.com/guides/pf/thumbnail.php?image=2005/04/03/palmbob/563177.jpg&widht=700&height=312
http://www.costafarms.com/CostaFarms/Aloe-Houseplant-Costa-Farms.jpg?height=411&width=856&scale=both
https://www.meghantelpner.com/wp-content/uploads/2010/12/Benefits-of-aloe.jpg
https://3.bp.blogspot.com/-0VfYR-OhQ8M/WASB1697_NI/AAAAAAAAARQ/Pk5obO3dU7kF2SGeFt-a5wKh3m7270TBQCLcB/s640/aloe%2Bbarbadensis%2Bplant.JPG
https://homegardeners.in/wp-content/uploads/2017/10/Aloe-Vera-1.jpg
https://clairy.com/wp-content/uploads/2018/03/20180208Aloe_FB3.png
https://mountaincrestgardens.com/product_images/uploaded_images/agave-aloe-macroacantha.jpg
http://tipsplants.com/sites/default/files/aloe1_0.jpg
https://gamepedia.cursecdn.com/theforest_gamepedia/thumb/f/fa/AloeFarket.png/250px-AloeFarket.png?version=4cb0cb86bf8fdc930602f20d5a7f532f
https://www.healthmedeasy.com/wp-content/uploads/2018/11/Aloe-Vera-HealthMedEasy.com_-640x360.jpg
https://66.media.tumblr.com/ab1147110b78287d4ff02273a93ec923/tumblr_pjuup9jNTg1sd7gy4_540.png
https://cdn.webvanta.com/000000/51/74/sm/uploads/plant/1488146801-bc7678dce528392b3/Aloe%20ferox35.jpg
https://5.imimg.com/data5/FT/EB/MY-3491678/aloe-vera-baby-plant-250x250.jpeg
https://upload.wikimedia.org/wikipedia/commons/thumb/3/35/Aloe_succotrina_-_K%C3%B6hler%E2%80%93s_Medizinal-Pflanzen-007.jpg/220px-Aloe_succotrina_-_K%C3%B6hler%E2%80%93s_Medizinal-Pflanzen-007.jpg
https://beauty-my.com/wp-content/uploads/2016/10/Amazing-Uses-and-Beauty-Benefits-of-Miraculous-Plant-Aloe-Vera-e1477145207771.jpg
https://plantmarket.pk/wp-content/uploads/2016/09/aloe-vera-useable-1.jpg
https://www.kings.co.nz/media/catalog/product/cache/1/thumbnail/600x/17f82f742ffe127f42dca9de82fb58b1/p/r/product_6042_20170720_154051.jpg
https://s3.amazonaws.com/plantvillage-production-new/images/pics/000/099/545/medium/IMG_20170218_180430173.jpg?1487466870
https://www.artimondo.co.uk/magazine/wp-content/uploads/2017/04/Aloe-Arborescens-difference-Aloe-Vera.jpg
https://cdn1.medicalnewstoday.com/content/images/articles/265/265800/person-holding-leaf-of-aloe-vera-plant.jpg
https://www.gardeningknowhow.com/wp-content/uploads/2018/04/QA-over-water-aloe-Keeper_female-400x533.jpg
https://pfaf.org/Admin/PlantImages/Aloe_ferox_Candolle.jpg
https://www.thespruce.com/thmb/OW8mYrv_-jisySKL7Dn6anATWeg=/2121x1413/filters:no_upscale():max_bytes(150000):strip_icc()/Aloe-GettyImages-696371630-59c004756f53ba00104de771.jpg
https://www.researchgate.net/profile/M_Qadir/publication/233818204/figure/fig1/AS:299970117816324@1448529857495/Diagrammatic-Representation-of-Aloe-vera.png
https://fortunedotcom.files.wordpress.com/2016/11/gettyimages-586119792.jpg
https://img-aws.ehowcdn.com/350x235p/photos.demandstudios.com/getty/article/184/119/89677419_XS.jpg
https://universityhealthnews.com/wp-content/uploads/aloe-plant.jpg
https://i.ytimg.com/vi/N-hA2UWgZVQ/maxresdefault.jpg
https://www.gardenersdream.co.uk/images/aloe-vera-mixed-house-plants-x-10-p1484-11104_image.jpg
https://cdn-a.william-reed.com/var/wrbm_gb_food_pharma/storage/images/3/4/0/4/3044043-1-eng-GB/Experts-cool-concerns-over-FDA-Aloe-vera-carcinogenicity-study.jpg
http://joybileefarm.com/wp-content/uploads/2016/02/Aloe-plant-4.jpg
https://aruba.bynder.com/m/5d942c7559532095/fullscreen_square_retina-Aruba-Aloe-Tour.jpg
http://pza.sanbi.org/sites/default/files/images/plants/9718/aloemarloth.jpg
https://aloevonderweid.com/wp-content/uploads/2016/11/P4150106.jpg
https://www.interflora.co.uk/blog/blgcnt/uploads/sites/2/2018/01/aloe-vera-succulent-plant.jpg
http://www.healthistreasure.com/wp-content/uploads/2017/09/IMG_20170927_131118.jpg
https://images.unsplash.com/photo-1545696648-8e941296a2ad?ixlib=rb-1.2.1&ixid=eyJhcHBfaWQiOjEyMDd9&w=1000&q=80
https://abinoidbotanicals.com/wp-content/uploads/2018/02/aloe-blog.jpg
https://cdn.shopify.com/s/files/1/2528/3612/products/1-Aloe-Vera-4_1_512x340.jpeg?v=1550602879
https://images.wagwalkingweb.com/media/care/safe-use-of-aloe-vera-for-your-dog/safe-use-of-aloe-vera-for-your-dog.jpg
https://media.istockphoto.com/photos/aloe-vera-plant-picture-id683458102?k=6&m=683458102&s=612x612&w=0&h=PSDB9OnYucQeEqaGha4PrESL4AosXMV4cjvvfCxcSVg=
https://www.houseplantsexpert.com/assets/images/aloe-foliage-1.jpg
https://2vy9q736xwbl3dhmvk1tb0ot-wpengine.netdna-ssl.com/wp-content/uploads/2016/01/pl_aloe-ferox-Mesa_DD-225x300.jpg
https://www.clearskinforever.net/wp-content/uploads/2014/02/aloe-acne-smaller.jpg
https://www.joyusgarden.com/wp-content/uploads/2017/09/1-orange-pot-and-1-square-pot-planted-with-Aloe-vera-pups-they-stand-in-fron-of-a-large-cactus-on-a-pebble-walkway.jpg
https://www.drought-smart-plants.com/images/aloe-black-gem600x450.jpg
https://i0.wp.com/theherbalacademy.com/wp-content/uploads/2014/09/aloe-vera-1045_640.jpg?fit=960%2C620&ssl=1
https://www.healthline.com/hlcmsresource/images/AN_images/can-you-eat-aloe-vera-1296x728-feature.jpg
https://upload.wikimedia.org/wikipedia/commons/0/03/Aloe_striatula_3.jpg
http://www.sunbirdaloes.co.za/wp-content/uploads/2017/08/berry_blush_mei10b_048.jpg
https://www.researchgate.net/profile/Sandeep_Verma12/publication/48347118/figure/fig1/AS:307331125530624@1450284858149/Aloe-vera-plant_Q320.jpg
https://www.wikihow.com/images/thumb/a/aa/Care-for-Your-Aloe-Vera-Plant-Step-9.jpg/aid1450988-v4-728px-Care-for-Your-Aloe-Vera-Plant-Step-9.jpg
https://getbusygardening.com/wp-content/uploads/2011/12/aloe-vera-pups-potted-up.jpg
https://www.ampfloracel.com/wp-content/uploads/2018/01/aloe-vera-solution-800x508.jpg
https://www.greenandvibrant.com/sites/default/files/inline-images/Aloe-Humilis.jpg
https://greensouq.ae/wp-content/uploads/2018/02/Alow-Vera-Aloe-Vera-Medicinal-Aloe-Savila-greensouq-2_marked.jpg
https://p7011128.vo.llnwd.net/e1/wp-content/uploads/plants/originals/4446.jpg
https://jamaicancookery.typepad.com/.a/6a017c3167883f970b01b8d20b31f1970c-pi
http://safariostrich.co.za/wp-content/uploads/2016/05/Aloe-1-e1464075741464.jpg
https://www.ecotree.net/images/aloe-polyphylla-img-1.jpg
https://diy.sndimg.com/content/dam/images/diy/fullset/2010/7/20/0/CI-Proven-Winners-aloe_Fire-Ranch_s4x3.jpg.rend.hgtvcom.1280.960.suffix/1420847836640.jpeg
http://greentv-20c0.kxcdn.com/wp-content/uploads/2016/05/yt-738-Aloe-Vera-Plant-Care-Types-Of-Cactus-Flower-Potted-Plants-Container-Gardening-Tips-Jazevox.jpg
https://www.wholefoodsmarket.com/sites/default/files/styles/large/public/wp-content/uploads/2008/09/aloe2_0.jpg?itok=jtOD4tan
https://helloglow.co/wp-content/uploads/2018/06/Harvesting-Aloe-Vera-3.jpg
https://www.gardenia.net/rendition.slider_detail/uploads/plant/1486485335-e4859e775873dc4fc/23116326_m.jpg
https://thepaleomama.com/wp-content/uploads/2013/08/MG_6669.jpg
https://i.pinimg.com/originals/8a/48/32/8a48322af911a7ad9eb94149f07f07eb.jpg
https://i2.wp.com/sublimesucculents.com/wp-content/uploads/2017/09/homedit-300x274.jpg?resize=300%2C274
https://plantedwell.com/wp-content/uploads/2016/01/how-much-sun-do-aloe-plants-need.jpg
https://cdn.instructables.com/FKB/4Q6Q/HVR7V3MZ/FKB4Q6QHVR7V3MZ.LARGE.jpg
https://s3.amazonaws.com/finegardening.s3.tauntoncloud.com/app/uploads/2018/01/23223756/aloe_cameronii_lg-main.jpg
https://www.clovegarden.com/ingred/img/li_aloev01f.jpg
https://www.gardeningknowhow.com/wp-content/uploads/2015/07/aloe-harvest-400x545.jpg
https://cdn.shopify.com/s/files/1/0150/6262/products/the-sill_aloe-vera-plant_olmstead_cream_4_1500x.progressive.jpg?v=1550174606
http://www.askingminds.com/wp-content/uploads/2018/11/Alove-Vera-683x1024.jpg
https://i.stack.imgur.com/1WwO9.jpg
https://www.annmariegianni.com/wp-content/uploads/2012/05/Aloe-Vera-Benefits-600x400.png
https://i.ndtvimg.com/i/2015-09/aloe-vera_625x350_41443087656.jpg
https://draxe.com/wp-content/uploads/2018/08/AloeVeraBenefitsHeader.jpg
http://pza.sanbi.org/sites/default/files/images/plants/9706/aloeferox.jpg
https://i.ytimg.com/vi/goFoH-pJ-Mc/maxresdefault.jpg
https://www.aloecure.com/wp-content/uploads/2018/08/benefits-of-eating-aloe-vera-1.jpg
https://wateruseitwisely.com/wp-content/uploads/2016/01/pl_aloe-flowers-Mesa_DD.jpg
https://mountaincrestgardens.com/product_images/uploaded_images/aloe-agave-schidigera.jpg
https://www.joyusgarden.com/wp-content/uploads/2017/09/A-close-up-of-a-spikey-succulent-in-a-gold-edged-pot.-Aloe-vera-pups-are-growing-off-the-base-of-the-mother-plant.There-is-a-chartreuse-groundcover-growing-amongst-the-pups_new.jpg
https://www.ftd.com/blog/content/uploads/2017/09/succulents-torch-plant.jpg
https://png.pngtree.com/png-vector/20190130/ourmid/pngtree-hand-painted-floral-green-plant-aloe-vera-decoration-commercial-elements-paintedtextureflowersaloegreen-png-image_601579.jpg
https://www.drought-smart-plants.com/images/aloe-vera600x450.jpg
https://www.researchgate.net/profile/Ali_Alhayany/post/Use_of_Aloe_Vera_Flower/attachment/5b265459b53d2f63c3d18e9b/AS%3A638487191633921%401529238617244/download/Aloe-VeraHealth-Benefits.jpg
http://backyardinajar.com/wp-content/uploads/2018/11/aloe-vera-plant-pictures-aloe-herbal-plant-aloe-vera-plant-flower-picture.jpg
http://aloeveraplantcare.org/wp-content/uploads/2013/08/baby-aloe2.jpg
https://cdn.shopify.com/s/files/1/2528/3612/products/95d1415e-a7a8-509e-9856-7ea9eef70c26_500x331.jpg?v=1545342255
https://www.healthline.com/hlcmsresource/images/topic_centers/Fitness-Exercise/388x210_Aloe_Vera_Juice_What_Are_the_Health_Benefits.jpg
x-raw-image:///de80a11c8a7d86a0c37807f8f4512087de79b90fb5c43749b46c4c4c9f09a744
http://cdn.shopify.com/s/files/1/1286/4841/articles/aloe-vera_1024x1024.jpg?v=1493655964
https://i1.wp.com/ayibamagazine.com/wp-content/uploads/2015/02/Aloe-Vera.jpg?fit=740%2C555
https://3ojyyf2632223ekuqd259a7e-wpengine.netdna-ssl.com/wp-content/uploads/2017/09/Aloe-for-PCOS.jpg
http://d26j9nk90wf3d1.cloudfront.net/wp-content/uploads/aloe_vera_a.jpg
https://www.wikihow.com/images/thumb/e/e0/Care-for-Your-Aloe-Vera-Plant-Step-1-Version-2.jpg/aid1450988-v4-728px-Care-for-Your-Aloe-Vera-Plant-Step-1-Version-2.jpg
http://www.microscopy-uk.org.uk/mag/artnov08macro/GDoherty/Imgs/aloeplant.jpg
https://media.allure.com/photos/5a9983d186d1b76c3b7f9cdf/16:9/w_1280,c_limit/aloe-vera-skin-care-products-social.jpg
http://www.aloeveratouch.com/wp-content/uploads/2018/10/aloe-vera-plant-outdoor-PP7EEND.jpg
https://img.freepik.com/free-vector/aloe-vera-plant-illustration_1284-9245.jpg?size=338&ext=jpg
https://cdn.instructables.com/F7U/75F0/HVR7V3LY/F7U75F0HVR7V3LY.LARGE.jpg
https://images.unsplash.com/photo-1501297948169-8123996e0b80?ixlib=rb-1.2.1&ixid=eyJhcHBfaWQiOjEyMDd9&w=1000&q=80
https://s3.amazonaws.com/plantvillage-production-new/images/pics/000/098/973/medium/20161211_144944.jpg?1481488911
https://worldofsucculents.com/wp-content/uploads/2013/03/Aloe-aristata-Lace-Aloe-Torch-Plant.jpg
https://pfaf.org/Admin/PlantImages/Aloe_perryi_-_United_States_Botanic_Garden,_Washington._D.C._-_Stierch.jpg
https://cdn.shopify.com/s/files/1/2325/0319/products/12_dcb11dff-2b2e-43f9-b995-11bc4f12ed4a_600x600.jpg?v=1507588536
https://hips.hearstapps.com/hmg-prod.s3.amazonaws.com/images/981/aloeindoors-1000-1518566223.jpg
https://media.gettyimages.com/photos/closeup-of-an-aloe-barbadensis-miller-plant-picture-id89177046?s=612x612
https://www.gardenia.net/rendition.slider_detail/uploads/plant/1484673749-1b34c78dbf7aa8573/Aloe-arborescens3.jpg
https://img-aws.ehowcdn.com/350x235p/photos.demandstudios.com/getty/article/81/50/87578401_XS.jpg
https://ksassets.timeincuk.net/wp/uploads/sites/46/2016/07/Aloe-Vera-Juice-01.jpg
https://diy.sndimg.com/content/dam/images/diy/fullset/2009/11/25/0/istock-5355701_houseplant-aloe-vera-flower_s4x3.jpg.rend.hgtvcom.1280.960.suffix/1420845646175.jpeg
https://www.homestratosphere.com/wp-content/uploads/2018/06/aloe-plicatilis-061318-min.jpg
https://cdn.shopify.com/s/files/1/2092/9299/files/Grow_your_own_Aloe_Vera.jpg?v=1509035918
https://cdn.shopify.com/s/files/1/0654/1643/files/1_a_polyphylla_closup.jpg
https://cdn.pixabay.com/photo/2018/02/09/22/19/cactus-3142589__340.jpg
https://www.diyncrafts.com/wp-content/uploads/2014/01/1-aloe-vera.jpg
https://www.abc.net.au/cm/rimage/9441612-16x9-large.jpg?v=2
https://img.hunkercdn.com/400x400/cpie/images/a07/em/gr/do-aloe-plants-medicinal-properties-800x800.jpg
https://lovelygreens.com/wp-content/uploads/divide-aloe-vera-pups-349x650.jpg
https://www.sciencedaily.com/images/2009/07/090717150300_1_540x360.jpg
https://www.naturallivingideas.com/wp-content/uploads/2015/07/aloe-vera-plant.jpg
https://www.plunketts.com.au/product_images/uploaded_images/aloe-pack-2018.png
https://i1.wp.com/www.gardeningchannel.com/wp-content/uploads/2013/01/aloe-for-acne.jpg?fit=1200%2C628&ssl=1&resize=350%2C200
https://www.todayshomeowner.com/images/article/how-to-divide-aloe-vera-8.jpg
https://www.joyusgarden.com/wp-content/uploads/2017/09/A-plant-sits-out-of-a-pots-with-is-roots-exposed-Its-tilted-to-the-right-theres-dirt-on-the-table-as-well-as-a-dull-knife-This-Aloe-has-a-pup-on-the-table-and-the-others-still-attaced-to-the-plant.jpg
http://www.costafarms.com/CostaFarms/Aloe-vera---Costa-Farms-Indoor-Plant.jpg?height=257&width=256&scale=both&crop=auto
https://cdn.apartmenttherapy.info/image/fetch/f_auto,q_auto,w_398,c_fit,fl_strip_profile/https://s3.amazonaws.com/pixtruder/original_images/19c8adf9d61052226b5cf075e7aa35d65f32e5c8
http://blogs.biomedcentral.com/bmcseriesblog/wp-content/uploads/sites/9/2015/02/640px-Split_Aloe.jpg
https://www.tucsoncactus.org/images/aloemarlothiir.jpg
https://www.miraclegro.com/sites/g/files/oydgjc111/files/styles/scotts_asset_image_720_440/public/asset_images/soil_07137_RL_A-1216_718x404.jpg?itok=5UkzqO-a
https://i.ytimg.com/vi/chYIZ-l806g/maxresdefault.jpg
https://hips.hearstapps.com/hmg-prod.s3.amazonaws.com/images/281/static/101790668-aloe-vera-plant-1497882961.jpg
https://www.globalhealingcenter.com/natural-health/wp-content/uploads/2016/01/aloe-ciliaris1.jpg
https://png.pngtree.com/png-clipart/20190124/ourmid/pngtree-hand-painted-watercolor-green-plant-aloe-png-image_549385.jpg
https://www.americanschoolofnaturalhealth.com/wp-content/uploads/2017/05/Benefits-of-Aloe-Vera-Gel.jpg
http://www.dreams.co.uk/sleep-matters-club/wp-content/uploads/2017/03/aloe-vera-plant.jpg
https://www.gardenandhome.co.za/wp-content/uploads/2016/11/JuneAloes02gh-680x1024.jpg
https://cdn.shopify.com/s/files/1/0648/1955/files/growing_aloe_plants.jpg
https://www.wikihow.com/images/a/a9/Revive-a-Dying-Aloe-Vera-Plant-Step-14.jpg
https://balconygardenweb-lhnfx0beomqvnhspx.netdna-ssl.com/wp-content/uploads/2015/04/How-To-Care-For-An-Aloe-Plant-jpg.jpg
https://cdn.nurserylive.com/images/stories/virtuemart/category/nurserylive-oxygen-giving-plant.png
https://1wradejdrtu1mlles3gyj7is-wpengine.netdna-ssl.com/wp-content/uploads/2015/08/Aloe-Vera-Plant-Sliced-Aloe-Vera-for-Hair-Loss-e1438624722471.jpg
https://getbusygardening.com/wp-content/uploads/2011/12/propagate-by-transplanting-aloe-pups.jpg
https://hips.hearstapps.com/clv.h-cdn.co/assets/17/14/1491316022-cl-web-planttypes01.jpg?crop=1.0xw:1xh;center,top&resize=480:*
https://hgtvhome.sndimg.com/content/dam/images/grdn/fullset/2014/10/22/0/CI_ci-aloe-carmine-proven-winners-s3x4.jpg.rend.hgtvcom.616.822.suffix/1452843983672.jpeg
http://gardeningsolutions.ifas.ufl.edu/images/plants/foliage/aloe_spiral680.jpg
https://banner2.kisspng.com/20180218/sdq/kisspng-aloe-vera-juice-lotion-gel-cream-aloe-creative-photography-5a8a0c80c05e88.997105371518996608788.jpg
https://cdn.britannica.com/s:300x300/32/76632-004-11EB8BAC.jpg
https://cdn.shopify.com/s/files/1/0248/6983/products/ALOORC_RS_480x360.jpg?v=1549972082
https://i.stack.imgur.com/x44lJ.jpg
https://s3.amazonaws.com/finegardening.s3.tauntoncloud.com/app/uploads/2018/01/23224344/aloe_polyphylla_lg-thumb1x1.jpg
https://img2.exportersindia.com/product_images/bc-full/2018/7/5705864/aloe-vera-plants-1530708591-4025207.jpeg
http://www.twineagles.org/image-files/medicinal-uses-of-aloe-vera-1.jpg
https://48qbc13dv397vzass1iql2a1-wpengine.netdna-ssl.com/wp-content/uploads/2011/09/Aloe-Vera-300x448.jpg
http://www.budscape.net/wp-content/uploads/2018/09/plant-aloe-vera-indoors.jpg
https://www.naturalhealers.com/wp-content/uploads/2016/10/Aloe_Vera_main3.jpg
https://www.livinghours.com/wp-content/uploads/2016/03/How-to-plant-aloe-vera.jpg
https://www.gardeningknowhow.com/wp-content/uploads/2014/07/aloe-aphids.jpg
https://i.pinimg.com/236x/82/a3/20/82a3201d9fe31808392a1bc9fbd5b859--shade-garden-plants-plant-therapy.jpg
https://ambergriscaye.com/pages/art/aloex.jpg
https://www.drought-smart-plants.com/images/aloe-andongensis600x450.jpg
https://www.aloeveraland.at/Bilder/aloepflanze.jpg
http://blog.biobizz.com/wp-content/uploads/2018/02/Aloe-Vera-Juice-1.png
https://w.ndtvimg.com/sites/3/2018/07/18114343/plants-to-combat-indoor-air-pollution-aloe-vera-istock.jpg
https://pioneerthinking.com/wp-content/uploads/Tiny_aloe_vera_plant_close-up-Kh627.jpg
https://thepaleomama.com/wp-content/uploads/2013/08/aloevera-1024x682.jpg
https://www.succulentsandsunshine.com/wp-content/uploads/2019/02/Aloe-haworthioides-Haworthia-Leaved-Aloe-succulent-care-and-succulent-propagation-information-card-400x209.jpg
https://media.gettyimages.com/photos/aloe-vera-plant-isolated-on-white-background-picture-id504224677?s=612x612
https://www.gardenandhome.co.za/wp-content/uploads/2016/11/JuneAloes13gh.jpg
https://mountaincrestgardens.com/product_images/uploaded_images/agave-aloe-vera.jpg
http://4.bp.blogspot.com/-N-wrZAW_V5Y/UHvyeR08Q3I/AAAAAAAAAEA/q3Jhtzplsd8/s1600/aloe-vera-medicinal-uses.jpg
http://pza.sanbi.org/sites/default/files/styles/pow_content_image/public/images/plants/11696/Aloeaculeata2.jpg?itok=lZk3-JiT
https://cityfloralgreenhouse.com/wp-content/uploads/2018/03/XNUQ3018.jpg
https://www.homestratosphere.com/wp-content/uploads/2018/06/Aloe-ciliaris-061318-min.jpg
https://cdn.shopify.com/s/files/1/2528/3612/products/DSC_0123_copy_512x656.png?v=1545342253
https://upload.wikimedia.org/wikipedia/commons/thumb/1/11/Aloe_africana_1.jpg/220px-Aloe_africana_1.jpg
http://cdn.shopify.com/s/files/1/1165/2796/articles/aloe-vera-header_1024x1024.jpg?v=1493709182
https://bestplants.com/wp-content/uploads/2014/07/aloe-vera-miracle-plant-073114.jpg
https://www.irishexaminer.com/remote/media.central.ie/media/images/a/AloeVeraPlant120717_large.jpg?width=648&s=ie-454678
https://www.joyusgarden.com/wp-content/uploads/2017/09/A-spikey-plant-with-tall-yellow-flowers-is-growing-in-the-ground.A-large-shiny-red-ceramic-pot-is-behind-the-plant.-They-stand-in-front-of-a-light-pink-wall.-The-aloe-vera-has-6-yellow-flowers_new.jpg
https://png.pngtree.com/element_origin_min_pic/17/03/22/292fef534b520b63866678965cf9f15f.jpg
https://diy.sndimg.com/content/dam/images/diy/fullset/2009/6/2/13/hgPG-2452926-aloe.jpg.rend.hgtvcom.966.966.suffix/1420869945835.jpeg
https://qph.fs.quoracdn.net/main-qimg-709a78727f39bc2246d7845f24d0ae7a
https://5.imimg.com/data5/BV/IN/MY-3541086/aloe-vera-plant-500x500.jpg
https://imgix.bustle.com/uploads/image/2018/5/25/1b97a561-2712-411e-96e0-7f904ec92194-best-aloe-vera-gel-option-1.png?w=970&h=546&fit=crop&crop=faces&auto=format&q=70
https://bloomscape.com/wp-content/uploads/2018/02/Bloomscape_HedgeHogAloe_A.jpg
https://i.ytimg.com/vi/N_vxE2dF9Mw/maxresdefault.jpg
https://i0.wp.com/helloglow.co/wp-content/uploads/2014/07/6-aloe-vera-helth-benefits.jpg?resize=350%2C200&ssl=1
https://www.gardengoods.co.za/image/cache///Plant-Nursery/garden-landscaping-succulents-vetplante/aloe-arborescens-20cm-pot-1010-270x280.jpg
https://debraleebaldwin.com/wp-content/uploads/2016/01/Aloe-acutissima-906x1030.jpg
http://richardsgardencenter.com/imgs/Aloe%20humvir.jpg
https://116622-333708-raikfcquaxqncofqfm.stackpathdns.com/wp-content/uploads/2018/10/Aloe-aculeata.jpg
https://cdn.shopify.com/s/files/1/0248/6983/products/ALOPAN_RS_480x360.JPG?v=1549972098
https://www.gardenia.net/rendition.slider_detail/uploads/plant/1486317056-954bbd7f6dca7c8d0/Agave%20americana11.jpg
https://earth911.com/wp-content/uploads/2015/02/aloevera-300x375.jpg
https://www.dogsnaturallymagazine.com/wp-content/uploads/2015/03/is-aloe-safe-for-your-dog.jpg
https://www.planttherapy.com/mm5/graphics/00000001/aloe-vera-jelly-4_270x270.jpg
http://www.aloeplant.info/wp-content/uploads/2011/03/Amazing-Aloe-Close-up3-300x199.jpg
http://static.wixstatic.com/media/7634f4_a9fb3b38bf8e4e13b37a8df0a2639b1e~mv2.jpg/v1/fit/w_500,h_500,q_90/file.webp
https://www.thespruce.com/thmb/YuuXGm9osGmYg0dNas3iUhBl7Sk=/2936x1960/filters:no_upscale()/aloevera-56a75c4a3df78cf77294fc67.jpg
https://mindbodygreen-res.cloudinary.com/image/upload/w_767,q_auto:eco,f_auto,fl_lossy/ftr/Aloe-Vera.jpg
https://mk0uvheroipkyow1ghq.kinstacdn.com/wp-content/uploads/2018/03/aloe-vera.jpg
http://www.costafarms.com/CostaFarms/Aloe-Juvenna-costa-farms-succulent.jpg?height=257&width=256&scale=both&crop=auto
https://www.santaverde.de/images/10_xingu/aloepur/aloe-vera-pflanze-santaverde-naturkosmetik.jpg
https://s3.amazonaws.com/plantvillage-production-new/images/pics/000/000/512/large/800px-Aloe_Vera.jpg?1367951467
https://www.123planten.nl/media/wysiwyg/Verzorging/Aloe-vera/Aloe_vera_verzorging.jpg
https://mobileimages.lowes.com/product/converted/092852/092852000666.jpg
https://www.aloe-medical-group.com/fileadmin/Resources/Public/Main/Images/Structure/Logo.svg
https://i2.wp.com/sucsforyou.com/wp-content/uploads/2018/10/thumb.jpg?fit=1920%2C1080&ssl=1
https://img.sunset02.com/sites/default/files/styles/4_3_horizontal_inbody_900x506/public/image/2017/04/main/tree-aloe-0115.jpg
https://www.dokterdokter.nl/upload/images/dossier/aloe-vera-dossier.jpg
https://cdn3.iconfinder.com/data/icons/aloe-vera-glyph/64/125_aloe-aloe_vera-plant-leaves-succulent-12-512.png
https://kumbulanursery.co.za/sites/kumbulanursery/files/styles/plant-large/public/plant_pictures/aloe_humilis_form_1.jpg?itok=yO4OoJwk
https://deserthorizonnursery.com/wp-content/uploads/2018/01/Aloe-Brevifolia-for-sale-at-Desert-Horizon-Nursery-DSC04341-560x560.jpg
https://www.sepalika.com/wp-content/uploads/2017/09/Aloe-for-PCOS-TN.jpg
https://i.etsystatic.com/17948956/d/il/c96082/1547898976/il_340x270.1547898976_6uc2.jpg?version=0
https://i.pinimg.com/474x/34/95/ac/3495ac9a7db2e4da3077438eee0b966b--succulent-plants-succulents.jpg
https://lovelygreens.com/wp-content/uploads/aloe-vera-pups-750x441.jpg
https://www.ecotree.net/media/widgetkit/aloe-polyphylla-img-2-6a6345d563c65520ed1ed5caa375c42e.jpg
https://www.wikihow.com/images/thumb/2/2d/User-Completed-Image-Revive-a-Dying-Aloe-Vera-Plant-2017.10.23-12.09.28.0.jpg/670px-User-Completed-Image-Revive-a-Dying-Aloe-Vera-Plant-2017.10.23-12.09.28.0.jpg
https://www.warrenlabsaloe.com/images/aloe-vera-1451802_1280.png
https://www.drought-smart-plants.com/images/aloe-hechtia600x450.jpg
https://cdn6.bigcommerce.com/s-yq2vj1of/product_images/uploaded_images/aloe-field.jpg?t=1489512236
https://www.gardenandhome.co.za/wp-content/uploads/2016/11/JuneAloes12gh.jpg
https://cdn11.bigcommerce.com/s-oqm1pc/images/stencil/360x360/products/1388/4594/Aloe_Vera_August-1__39008.1505942823.jpg?c=2
https://cancertrust.files.wordpress.com/2012/06/aloe-vera-plant.jpg
https://www.houseplantsexpert.com/assets/images/aloe-plant-near-window-1.jpg
https://www.smgrowers.com/imagedb/Aloe_Rooikappie.jpg
https://www.gardenclinic.com.au/images/blog/Aloe-plicatilis,-pic-RP-(2)_web.jpg
https://icon2.kisspng.com/20180206/tjq/kisspng-aloe-vera-nutrient-gel-succulent-plant-aloe-5a7996e2aca783.0535631515179179227072.jpg
https://www.thesprucepets.com/thmb/p8rRgAQ27_OUScSAgpe2OZRVlQo=/3865x2576/filters:no_upscale():max_bytes(150000):strip_icc()/close-up-of-aloe-vera-plant--detail-102851703-5b517d1646e0fb005bf23072.jpg
https://www.homestratosphere.com/wp-content/uploads/2018/06/Soap-Aloe-061318-min-1.jpg
https://upload.wikimedia.org/wikipedia/commons/thumb/8/8d/Aloe_perryi_in_Auckland_Botanic_Gardens.jpg/1200px-Aloe_perryi_in_Auckland_Botanic_Gardens.jpg
https://i2.wp.com/donnasdd.org/wp-content/uploads/2016/04/IMG_2364ddd.jpg?resize=375%2C501
http://static.wixstatic.com/media/7634f4_09c1a4cc5c22461999b091e025c8cda5.jpg/v1/fit/w_500,h_500,q_90/file.webp
https://somatheeram.in/images/aloe-vera.jpg
https://static.webshopapp.com/shops/035489/files/096724490/500x500x1/image.jpg
https://www.rover.com/blog/wp-content/uploads/2014/08/aloe-plant-1024x768.jpg
https://i.ytimg.com/vi/Vul5yeOkXCk/maxresdefault.jpg
https://www.globalhealingcenter.com/natural-health/wp-content/uploads/2018/01/aloe-plant.jpg
http://tipsplants.com/types_of_aloe.jpg
https://www.naturalhealers.com/wp-content/uploads/2016/10/aloe-vera_ultimateguide.jpg
https://hips.hearstapps.com/edc.h-cdn.co/assets/16/38/best-apartment-plants-aloe-vera.jpg
http://images.saferbrand.com/is/image/woodstream/sb_us_11-AloeVera?qlt=75
https://img-aws.ehowcdn.com/350x235p/photos.demandstudios.com/getty/article/178/153/87806457_XS.jpg
https://www.organicauthority.com/.image/t_share/MTU5MzMwNDYyMTc5NTM0MDM4/aloe-vera-leaves.jpg
https://www.installitdirect.com/wp-content/uploads/2013/03/aloe-grandidentata-shade-succulent.jpg
https://img.freepik.com/free-vector/decorative-background-with-aloe-vera-plant_23-2147639353.jpg?size=338&ext=jpg
https://www.betternutrition.com/.image/t_share/MTQ4ODcxNzYwMjAzMjI4MjE1/aloe-vera.jpg
https://www.renonation.sg/wp-content/uploads/indoor-plant-aloe.jpg
https://thumbs.nosto.com/quick/mcsnm8pa/8/27638/8754eae6d3448f85179f78d15bec53ccbe8cda92d1dd87dbff9671a018b3589ea/A
http://s3.amazonaws.com/cme_public_images/www_ehow_com/i.ehow.com/images/a04/l2/uf/extract-gel-aloe-vera-800x800.jpg
https://d1ca4yhhe0xc0x.cloudfront.net/Files/7125/7/aloe-vera-plant-leave.jpg
https://ncfarmsinc.com/products_images/aloe-vera-assortment.jpg
http://airplantkits.com/wordpress/wp-content/uploads/2014/10/zebra-plant-closeup.jpg
https://www.tucsoncactus.org/images/aloebroomii.jpg
https://www.greenandvibrant.com/sites/default/files/inline-images/Aloe-Petricola.jpg
https://cdn.webvanta.com/000000/51/74/square_200/uploads/plant/1488148324-d913d0216e6b429c9/Aloe%20speciosa.jpg
https://northernhomestead.com/wp-content/uploads/2016/03/Aloe-Vera-5.jpg
https://www.joyusgarden.com/wp-content/uploads/2017/09/A-reddish-brown-succulent-with-many-leaves-seen-close-up.-There-are-dried-tips-on-some-of-the-leaves.-This-is-an-Aloe-vera-which-is-stressed-due-to-hot-desert-sun-lack-of-water_new.jpg
http://backyardinajar.com/wp-content/uploads/2018/11/aloe-vera-plant-pictures-description-this-unusual-aloe-plant-aloe-vera-plant-pictures-free.jpg
https://images.unsplash.com/photo-1532281615936-b329b4acd0b3?ixlib=rb-1.2.1&ixid=eyJhcHBfaWQiOjEyMDd9&w=1000&q=80
https://www.schoolofnaturalskincare.com/wp-content/uploads/2015/02/Amazing-Aloe-Vera1.jpg
http://plantsrescue.com/wp-content/uploads/2013/09/Aloe-arborescens-rosette.jpg
http://www.public.asu.edu/~camartin/plants/Plant%20html%20files/Aloe%20barbadensis.jpg
https://media.mnn.com/assets/images/2016/06/aloe-vera-gel.jpg.653x0_q80_crop-smart.jpg
https://cdn1.medicalnewstoday.com/content/images/articles/323/323507/aloe-vera-plant-and-gel-on-wooden-spoon-and-in-bowl-on-tabletop.jpg
http://joybileefarm.com/wp-content/uploads/2016/02/aloe-juice.jpg
https://www.wikihow.com/images/thumb/7/7a/Care-for-Your-Aloe-Vera-Plant-Step-2-Version-2.jpg/aid1450988-v4-728px-Care-for-Your-Aloe-Vera-Plant-Step-2-Version-2.jpg
https://media.gettyimages.com/photos/aloe-vera-leaves-of-aloe-vera-picture-id157886831?s=612x612
https://www.atlantialoe.com/img/cms/Aloe-Vera-plantation.jpg
http://www.arohainternational.com/wp-content/uploads/2017/07/Aloevera-Featured-1024x323.jpg
https://cdn.nurserylive.com/images/stories/virtuemart/category/nurserylive-top-10-useful-plants.png
https://www.gardenclinic.com.au/images/blog/Aloe-ferox_web.jpg
https://www.leaderplant.com/media/catalog/product/cache/1/small_image/340x/9df78eab33525d08d6e5fb8d27136e95/a/l/aloe-vera-300_1.jpg
https://i.pinimg.com/originals/b8/7c/66/b87c667a5c83f1378b27b8c7bc7b0685.jpg
https://blog.serenataflowers.com/pollennation/wp-content/uploads/2017/04/aloe-vera.jpg
https://upload.wikimedia.org/wikipedia/commons/thumb/0/05/Ses_Salines_-_Botanicactus_-_Aloe_perfoliata_07_ies.jpg/1200px-Ses_Salines_-_Botanicactus_-_Aloe_perfoliata_07_ies.jpg
https://diy.sndimg.com/content/dam/images/diy/fullset/2010/7/20/0/CI-Proven-Winners-aloe_Grassy-Lassie-flowers_s3x4.jpg.rend.hgtvcom.1280.1707.suffix/1420789949516.jpeg
https://images.hellogiggles.com/uploads/2018/03/07034136/aloe.jpg
https://media.vogue.in/wp-content/uploads/2018/02/Aloe-vera-is-the-holy-grail-plant-youre-missing-in-your-life-featured-866x487.jpg
https://image.shutterstock.com/z/stock-vector-aloe-vera-plant-botanical-drawing-hand-drawn-medicinal-plant-white-background-elements-for-437864995.jpg
https://cdn.shopify.com/s/files/1/0248/6983/products/ALOCHR_RS_480x360.jpg?v=1549949359
https://www.gardenandhome.co.za/wp-content/uploads/2016/11/JuneAloes08gh-681x1024.jpg
https://hgtvhome.sndimg.com/content/dam/images/hgtv/products/2019/1/24/0/aloe-vera-two-pack.jpeg.rend.hgtvcom.301.301.suffix/1548359401747.jpeg
https://drommabed.com/blog/wp-content/uploads/2017/10/aloe_vera.png
https://gallery.kissclipart.com/20180830/rbw/kissclipart-3d-plant-aloe-png-clipart-aloe-vera-plants-f6dcb673413c9a28.jpg
https://worldofsucculents.com/wp-content/uploads/2013/03/Aloe-aristata.jpg
https://cdn.pixabay.com/photo/2018/06/17/21/12/plant-3481430__340.jpg
http://www.rainforestrose.com/uploads/1/0/7/4/10741122/s488123659374814319_p761_i9_w640.jpeg
https://agrifarmingtips.com/wp-content/uploads/2017/07/maxresdefault.jpg
https://kumbulanursery.co.za/sites/kumbulanursery/files/styles/plant-large/public/plant_pictures/aloe_humilis_bud_0.jpg?itok=r563E0EQ
https://debraleebaldwin.com/wp-content/uploads/2016/01/Aloe-striata-Coral-aloe-2-684x1030.jpg
https://cdn.shopify.com/s/files/1/2203/9263/products/Aloe-Firebird-top_large.jpg?v=1538597683
https://balconygardenweb.com/wp-content/uploads/2017/12/Re-Pot-Aloe-Vera-Plant.jpg
https://www.researchgate.net/profile/Ali_Alhayany/post/Use_of_Aloe_Vera_Flower/attachment/5b265459b53d2f63c3d18e98/AS%3A638487191629824%401529238617037/image/Aloe+Vera.jpg
https://www.aloearborescens.org/wp-content/uploads/2015/04/aloe-arborescens-plant-greenhouse.jpg
https://www.ecotree.net/images/aloe-polyphylla-plant.jpg
https://s3.amazonaws.com/plantvillage-production-new/images/pics/000/003/269/large/4432258122_dfa480573b_z.jpg?1410271092
https://www.almanac.com/sites/default/files/styles/video_thumbnail/public/aloe-vera-196234_1280.jpg?itok=aOJp0ALl
http://www.microscopy-uk.org.uk/mag/artnov08macro/GDoherty/Imgs/aloeleaf.jpg
http://aloeveraplantcare.org/wp-content/uploads/2013/08/aloe-vera-skin-care-recipes.jpg
https://gamepedia.cursecdn.com/viridi_gamepedia_en/thumb/7/77/Primus.png/300px-Primus.png?version=51707faaf8fedf47bfe71510c715965f
https://cdn.atwilltech.com/flowerdatabase/a/aloe-vera-plant-potted-tropical-plant.300.jpg
https://www.aloecure.com/wp-content/uploads/2017/12/4099532-inline-300x225.jpg
https://alivebynature.com/june/wp-content/uploads/aloe-vera-2012158_640-2.jpg
https://www.naturalhealers.com/wp-content/uploads/2016/10/aloe-brand.jpg
https://www.tropicalcentre.com/media/catalog/product/cache/1/small_image/270x/9df78eab33525d08d6e5fb8d27136e95/a/l/aloe_vera_barbadensis.jpg
https://i1.wp.com/veganlogy.com/wp-content/uploads/2011/11/378038_272365709468235_100000844237407_729745_1537182496_n.jpg?fit=480%2C720&ssl=1&resize=350%2C200
https://i.ytimg.com/vi/Gimq_j5GcAI/hqdefault.jpg
https://7gigzxopz0uiqxo1-zippykid.netdna-ssl.com/wp-content/uploads//2015/05/aloe2.jpg
http://www.eatmoretoast.com/wp-content/uploads/2012/02/Aloe-Vera-Babies.jpg
https://cdn.shopify.com/s/files/1/0648/1955/files/aloe_vitamin_c_serum.jpg
https://smallbiztrends.com/wp-content/uploads/2017/05/aloe-plants-850x998.jpg
https://www.niehs.nih.gov/health/assets/images/aloediagram.png
https://www.gardenia.net/rendition.slider_detail/uploads/plant/1484673750-99d98ad9ce8e465a2/Aloe%20arborescens7.jpg
https://images.agoramedia.com/everydayhealth/gcms/natural-remedies-for-pa-722x406.jpg
https://www.drought-smart-plants.com/images/aloe-parvibracteata600x450.jpg
https://ecoscapewithmelanie.com/wp-content/uploads/2017/05/HP-Aloe-Vera-199x300.jpg
https://static1.squarespace.com/static/55a403ade4b0b6088aed7db7/t/55c292bee4b01cfd89cc646d/1492137707872/Screen+Shot+2015-07-13+at+11.25.08+PM.png
https://img-aws.ehowcdn.com/600x600p/photos.demandstudios.com/getty/article/176/210/87578389_XS.jpg
https://static.webshopapp.com/shops/035489/files/099096071/image.jpg
https://cdn.britannica.com/s:500x350/33/76633-004-5B063E1C.jpg
https://cdn.shopify.com/s/files/1/1068/2502/articles/slider2.png?v=1524602410
http://www.nycitywoman.com/wp-content/uploads/2018/04/ArecaPalm-snakeplant-aloevera-745.jpg
https://i.ndtvimg.com/i/2018-04/aloe-vera-650_650x400_81523882673.jpg
https://www.gardengoods.co.za/image/cache///Plant-Nursery/garden-landscaping-succulents-vetplante/aloe-thraskii-5l-plant-1240-270x280.jpg
https://www.joyusgarden.com/wp-content/uploads/2018/11/P1130470-1024x769.png
https://i.pinimg.com/originals/a4/f4/35/a4f435976c8edcae224dd727bdb86859.jpg
https://diy.sndimg.com/content/dam/images/diy/fullset/2009/12/9/0/istock-6383165_aloe-polyphylla_s4x3.jpg.rend.hgtvcom.1280.960.suffix/1420784657813.jpeg
https://hips.hearstapps.com/hbu.h-cdn.co/assets/16/33/1471459654-desk-plant-aloe-vera.jpg
https://www.succulentsandsunshine.com/wp-content/uploads/2017/11/Color-change-in-an-aloe-585x1038.jpg
https://cdn.shopify.com/s/files/1/2528/3612/products/1-Aloe-Firebird_2_512x473.png?v=1545342251
http://tipsplants.com/sites/default/files/aloe_1_0.jpg
https://www.globalhealingcenter.com/natural-health/wp-content/uploads/2016/01/aloe-polyphylla.jpg
http://airplantkits.com/wordpress/wp-content/uploads/2014/10/zanzibar-aloe-front.jpg
https://png.pngtree.com/png/18/09/10/pngtree-green-aloe-png-clipart_1680287.jpg
https://hips.hearstapps.com/hmg-prod.s3.amazonaws.com/images/gettyimages-668830669-1539699151.jpg?crop=1xw:0.784632376143894xh;center,top&resize=300:*
https://www.farmingstyle.com/wp-content/uploads/2017/05/6.jpg
http://contemporaryfoodlab.com/wp-content/uploads/2014/07/Fuerteventura_Aloe_Vera.jpg
https://i.stack.imgur.com/lSkDR.jpg
https://5.imimg.com/data5/RB/JI/MY-37162101/green-aloe-vera-leaf-500x500.jpg
https://upload.wikimedia.org/wikipedia/commons/thumb/9/97/Aloe_arborescens_natalensis_142-8663.jpg/220px-Aloe_arborescens_natalensis_142-8663.jpg
https://media.gettyimages.com/photos/closeup-of-aloe-barbadensis-miller-plants-picture-id89172630?s=612x612
https://debraleebaldwin.com/wp-content/uploads/2016/01/Aloe-variegata-1.jpg
https://deserthorizonnursery.com/wp-content/uploads/2017/02/Reitz-Aloe-Aloe-Reitzii-desert-horizon-nursery-560x560.jpg
https://www.todayshomeowner.com/images/article/how-to-divide-aloe-vera-4.jpg
https://www.greenandvibrant.com/sites/default/files/inline-images/Aloe-Ferox.jpg
https://gardenlife.com.au/wp-content/uploads/2017/03/aloe-flowers.jpg
https://hgtvhome.sndimg.com/content/dam/images/hgtv/products/2019/2/15/3/rx_amazon_aloe-vera-5-pack.jpeg.rend.hgtvcom.301.301.suffix/1550264589722.jpeg
https://cdn.shopify.com/s/files/1/2203/9263/products/aloe-minnie-belle_large.jpg?v=1534277946
https://www.123planten.nl/media/wysiwyg/Verzorging/Aloe-vera/Aloe_vera_stekels.jpg
https://plantedwell.com/wp-content/uploads/2016/01/can-you-grow-an-aloe-plant-from-a-leaf.jpg
https://www.researchgate.net/profile/Ravi_Upadhyay5/publication/325256526/figure/fig1/AS:628207107731456@1526787654420/a-and-b-Vegetative-parts-of-Aloe-vera-plant-a-b_Q320.jpg
https://www.ftd.com/blog/content/uploads/2017/09/types-of-succulents-indoor.jpg
http://plantsrescue.com/wp-content/uploads/2014/02/Aloe-aristata-potted.jpg
https://pixfeeds.com/images/gardening/organic-farming/1200-178403970-aloe-vera-field.jpg
http://richardsgardencenter.com/imgs/Aloe%20cilaris.jpg
https://qph.fs.quoracdn.net/main-qimg-d0682036c71fe6433e4d95966b2d48a0
https://www.thebetterindia.com/wp-content/uploads/2016/01/plant_aloe-vera.jpg
http://joybileefarm.com/wp-content/uploads/2016/02/How-to-grow-and-use-aloe-vera-small.jpg
https://cdn1.medicalnewstoday.com/content/images/articles/322/322771/aloe-vera-plant.jpg
https://static.chemistwarehouse.com.au/ams/media/pi/56769/F2D_800.jpg
http://mystile.co/wp-content/uploads/2018/07/get-quotations-a-1-x-plant-aloe-to-soothing-indoor-best-plants-vera.jpg
https://www.aloecure.com/wp-content/uploads/2017/09/buy-aloe-vera-gel-new.jpg
https://worldofsucculents.com/wp-content/uploads/2019/02/Aloe-Mites-Aloe-Cancer1-1-351x221.jpg
https://www.gardenia.net/rendition.slider_detail/uploads/plant/1488146803-37b2f38f5b719c73f/Aloe%20ferox.jpg
https://www.starnursery.com/wp-content/uploads/2018/09/aloeVera1-598x598.jpg
https://www.installitdirect.com/wp-content/uploads/2013/03/agave-celsii-shade-succulent-plant.jpg
https://thumbs1.ebaystatic.com/d/l225/m/mwRvhPh5wPtpz2Al05UDyqw.jpg
http://www.aloesocietyzim.com/resources/DSC05933.JPG.opt334x499o0%2C0s334x499.JPG
http://natureland.net/pub/media/mgs_blog/2/8/28112014_aloe-vera1.jpg__396x247_q95_crop-smart_subsampling-2_upscale-true_1.jpg
https://i0.wp.com/helloglow.co/wp-content/uploads/2016/05/aloerecipes.jpg?resize=350%2C200&ssl=1
https://cdn0.wideopeneats.com/wp-content/uploads/2018/02/AdobeStock_80595602.jpeg
https://cdn.homedit.com/wp-content/uploads/2014/05/decorate-an-old-bathroom-chair-with-aloe-vera-plant.jpg
http://www.costafarms.com/CostaFarms/aloe-vera-costa-farms-houseplant.jpg?height=411&width=856&scale=both
https://www.allergicliving.com/wp-content/uploads/2017/11/GettyImages-182187555-300x214.jpg
http://www.microscopy-uk.org.uk/mag/artnov08macro/GDoherty/Imgs/leafpoint.jpg
http://www.thesleepjudge.com/wp-content/uploads/2016/06/aloe-vera-1.jpg
https://img-aws.ehowcdn.com/350x235p/s3-us-west-1.amazonaws.com/contentlab.studiod/getty/a09d7c8e683e405183ba3dffaf46fad4.jpg
https://cdn.shopify.com/s/files/1/1183/5424/products/facial-moisturizers-16-oz-aloe-vera-spray-for-face-perfect-topical-moisturizer-for-face-and-hair-4.jpg?v=1487451931
https://blog.serenataflowers.com/pollennation/wp-content/uploads/2015/07/aloe-vera-plant.jpg
https://img.freepik.com/free-photo/aloe-vera-plant-white-background-aloe-vera-is-used-traditional-medicine-as-skin-treatment_35378-1576.jpg?size=626&ext=jpg
https://www.fabhow.com/wp-content/uploads/2017/09/step-1-clean-and-peel-off-the-aloe-vera-leaf-skin-to-make-diy-aloe-vera-gel.jpg
https://i.ytimg.com/vi/6H4BkajHaQs/hqdefault.jpg
https://cdn.vox-cdn.com/thumbor/zRYug02AwrGY3PywF87xYGSi-Xw=/0x0:1750x1372/1200x0/filters:focal(0x0:1750x1372):no_upscale()/cdn.vox-cdn.com/uploads/chorus_asset/file/10186523/Plants_Guide_9_10_numbers_crop.jpg
https://www.gardengoods.co.za/image/cache///Plant-Nursery/garden-landscaping-succulents-vetplante/aloe-ferox-20l-plant-1232-270x280.jpg
https://cambridgemask.com/wp-content/uploads/2018/03/AloeVera.jpg
http://wellandgood.com/wp-content/uploads/2014/10/aloecadabra-283x300.jpg
https://7gigzxopz0uiqxo1-zippykid.netdna-ssl.com/wp-content/uploads//2015/05/Aloe-vera.jpg
https://www.globalhealingcenter.com/natural-health/wp-content/uploads/2017/07/growing-aloe-vera.jpg
https://deserthorizonnursery.com/wp-content/uploads/2017/02/Aloe-Aristata-desert-horizon-nursery-560x560.jpg
http://static.wixstatic.com/media/7634f4_93ee676a52134c94bbb8db2dfcfabaea~mv2.jpg/v1/fit/w_500,h_500,q_90/file.webp
https://www.todayshomeowner.com/images/article/how-to-divide-aloe-vera-7.jpg
https://icon2.kisspng.com/20180213/piw/kisspng-aloe-vera-light-aloe-emodin-succulent-plant-aloe-5a838be589ced3.3905044615185704695645.jpg
http://pza.sanbi.org/sites/default/files/images/plants/9718/aloemarloth2.jpg
https://www.succulentsandsunshine.com/wp-content/uploads/2015/06/White-Aloe-Purple-Kalanchoe-Sedum-Burrito-in-a-blue-pot-with-text-overlay-5-tips-for-planting-succulents-in-containers.jpg
http://plantsrescue.com/wp-content/uploads/2014/02/Aloe-aristata.jpg
https://uploads-ssl.webflow.com/5b44edefca321a1e2d0c2aa6/5bed95c731a3a04f00992123_Dimensions-Guide-Plants-Indoor-Plants-Aloe-Vera-Dimensions.svg
x-raw-image:///78ba41c562fe124c30a49372fcbc825cbb66021f5f3ab050c3c2f99c173e1599
https://cdn.shopify.com/s/files/1/2941/1312/products/red-aloe-vera-plant-aloe-cameronii-aloe_300x300.png?v=1539842804
https://cdn-images-1.medium.com/max/1200/1*ccnUHAfe4zrm8VXRQvXVNw.png
https://www.smgrowers.com/imagedb/Aloe_DeltaLights.jpg
https://pfaf.org/Admin/PlantImages/Aloe_ferox.jpg
https://www.stayathomemum.com.au/wp-content/uploads/2015/12/20-top-tips-11.jpg
https://s3.amazonaws.com/plantvillage-production-new/images/pics/000/003/273/large/1215044484_f86c7cd579_z.jpg?1410271384
https://media.gettyimages.com/photos/aloe-vera-plant-cactus-in-an-aroma-spice-garden-in-kumily-on-january-picture-id96403810?s=612x612
https://www.starnursery.com/wp-content/uploads/2018/09/blueGlowAgave1-598x598.jpg
https://www.greenandvibrant.com/sites/default/files/inline-images/pin/Aloe-Vera.jpg
https://cdn1.medicalnewstoday.com/content/images/articles/323/323507/person-squeezing-juice-or-gel-from-aloe-vera-plant-onto-spoon.jpg
https://upload.wikimedia.org/wikipedia/commons/b/b9/Aloe_arborescens_Compton.JPG
https://img.freepik.com/free-vector/aloe-vera-sketch-background_23-2147634689.jpg?size=338&ext=jpg
https://cdn11.bigcommerce.com/s-oqm1pc/images/stencil/360x360/products/1362/7019/ciliaris__63150.1540315336.jpg?c=2
https://www.gardenia.net/rendition.slider_detail/uploads/plant/1484673749-1b34c78dbf7aa8573/Aloe%20arborescens4.jpg
https://www.joyusgarden.com/wp-content/uploads/2014/10/P1000218_new-e1413398970322.jpg
https://worldofsucculents.com/wp-content/uploads/2018/10/Aloe-vera-351x221.jpg
https://i.pinimg.com/originals/30/90/fa/3090fa6f21798e7e9840a4098a0984f7.jpg
https://www.gardenclinic.com.au/images/blog/Aloe-dorotheae---Sunset-Aloe-1_web.jpg
https://www.ecotree.net/images/aloe-polyphylla-plant-2.jpg
https://www.homestratosphere.com/wp-content/uploads/2018/06/aloe-vera-june142018.jpg
https://ssl.c.photoshelter.com/img-get/I0000yQLKIwIoCUc/t/200/I0000yQLKIwIoCUc.jpg
https://www.todayshomeowner.com/images/article/how-to-divide-aloe-vera-5.jpg
https://www.installitdirect.com/wp-content/uploads/2014/03/aloe-is-harmful-to-cats-and-dogs.jpg
https://cdn.shopify.com/s/files/1/2203/9263/products/Aloe_variegata_partridge_breast_9cm_large.jpg?v=1534530480
https://debraleebaldwin.com/wp-content/uploads/2016/12/Aloe-mite5_A_R.jpg
https://www.asiaone.com/sites/default/files/original_images/Jun2017/20172706_aloe%20vera_asiawire.jpg
http://blogs.biomedcentral.com/bmcseriesblog/wp-content/uploads/sites/9/2015/02/aloe-vera.gif
https://i.ndtvimg.com/i/2015-09/aloe-vera-625_625x350_71443086188.jpg
https://www.gardenandhome.co.za/wp-content/uploads/2016/11/JuneAloes10gh-681x1024.jpg
https://i.stack.imgur.com/5bVq1.jpg
https://4.imimg.com/data4/YA/EN/ANDROID-10746300/product-500x500.jpeg
https://www.123planten.nl/media/wysiwyg/Verzorging/Aloe-vera/Aloe_vera_knippen.jpg
https://upload.wikimedia.org/wikipedia/commons/thumb/3/30/Succulent_in_San_Francisco.JPG/220px-Succulent_in_San_Francisco.JPG
https://cdn.shopify.com/s/files/1/0654/1643/files/a_polyphylla_babies.jpg
https://p7011128.vo.llnwd.net/e1/wp-content/uploads/plants/originals/11084.jpg
http://artfulplanters.com/wp-content/uploads/2012/06/Crocodile-Plant-Aloe-brevifolia-300x255.jpg
http://cdn.shopify.com/s/files/1/0761/9483/articles/aloe-vera_1024x1024.jpg?v=1479398169
http://www.silkthumb.com/wp-content/uploads/2013/08/silk-thumb-agave-plant-aloe-plant-cacti-faux-succulent-house-plant.jpg
http://www.costafarms.com/CostaFarms/Aloe-Cha-Cha-costa-farms-succulent.jpg?height=257&width=256&scale=both&crop=auto
https://www.globalhealingcenter.com/natural-health/wp-content/uploads/2016/01/aloe-barberae.jpg
https://www.joyusgarden.com/wp-content/uploads/2014/10/P1000220_new-e1413398902618.jpg
http://www.microscopy-uk.org.uk/mag/artnov08macro/GDoherty/Imgs/transillleaf.jpg
https://www.greenandvibrant.com/sites/default/files/inline-images/Aloe-Aristata.jpg
https://i.ytimg.com/vi/r0vS63Rk-g8/maxresdefault.jpg
https://www.ecotree.net/images/about-spiral-aloe.jpg
https://worldofsucculents.com/wp-content/uploads/2013/03/Aloe-aristata-%E2%80%93-Lace-Aloe-Torch-Plant.jpg
https://icon2.kisspng.com/20180422/pdq/kisspng-aloe-vera-dietary-supplement-forever-living-produc-plant-aloe-vera-5adc1635ce4a83.156479751524373045845.jpg
https://hgtvhome.sndimg.com/content/dam/images/grdn/fullset/2014/10/22/0/CI_ci-aloe-silver-ridge-proven-winners-s3x4.jpg.rend.hgtvcom.616.822.suffix/1452843991418.jpeg
https://www.gardenandhome.co.za/wp-content/uploads/2016/11/JuneAloes06gh-681x1024.jpg
https://s3.amazonaws.com/plantvillage-production-new/images/pics/000/003/270/large/6940732473_4515f84179_z.jpg?1410271152
https://i.pinimg.com/236x/ef/00/33/ef00333aea904f4bc5b3b35a6cc7effa.jpg
https://upload.wikimedia.org/wikipedia/commons/thumb/6/67/Aloe_vossii_-_plant_%28aka%29.jpg/180px-Aloe_vossii_-_plant_%28aka%29.jpg
http://richardsgardencenter.com/imgs/Aloe%20Tiger%20jaw.jpg
https://cdn11.bigcommerce.com/s-oqm1pc/images/stencil/360x360/products/1431/1554/aloe_dumetorum__48650.1434567318.jpg?c=2
https://cdn1.medicalnewstoday.com/content/images/articles/321/321273/aloe-vera-for-acne-juice-of-plants-being-poured-into-cosmetics-jar-outdoors.jpg
https://media.mnn.com/assets/images/2015/07/golden-ratio-aloe-plant.jpg.653x0_q80_crop-smart.jpg
https://www.gardenandhome.co.za/wp-content/uploads/2016/11/JuneAloes07gh-680x1024.jpg
https://upload.wikimedia.org/wikipedia/commons/8/89/Aloe_saponaria_2.jpg
https://icon2.kisspng.com/20180215/tee/kisspng-aloe-vera-succulent-plant-cactaceae-hand-painted-fleshy-plant-aloe-vera-5a858e2dc2cf25.3109673415187021257979.jpg
https://www.researchgate.net/profile/Priyanka_Sharma47/publication/270157982/figure/fig2/AS:667717287817219@1536207615177/The-picture-depicts-the-extraction-of-Aloe-gel-and-the-anthraquinone-aloin-a-Six_Q320.jpg
https://upload.wikimedia.org/wikipedia/commons/8/8c/Aloe_dorotheae_2.jpg
https://cdn.webvanta.com/000000/51/74/square_200/uploads/plant/1488203192-93f6ba7bde55c41bd/Aloe%20vanbalenii_.jpg
https://i.pinimg.com/236x/f6/b8/ee/f6b8ee9a236d37a41f5b991107035fd0--succulent-plant-aloe-vera.jpg
https://cdn11.bigcommerce.com/s-oqm1pc/images/stencil/360x360/products/1143/1173/aloe_brevifolia__49291.1410457343.jpg?c=2
https://www.gardenia.net/rendition.slider_detail/uploads/plant/1486317058-2893f94672db42c83/Agave%20americana6.jpg